eUvN,512
jUDM,508
97Nf,506
e5ZH,506
GGMR,506
iTXs,506
XppH,505
S6uN,505
DgUR,503
QLRf,502
X9Jh,502
u2di,502
qhjP,501
uPMR,501
WozB,501
9DPP,500
Q2mv,500
zjZs,500
7BTH,500
9q1U,499
9Hsa,499
ewaa,499
QF8e,499
Qzrs,499
qjvN,499
YPws,499
mFsM,499
mpTW,499
9W1o,498
z5R2,498
ae2j,498
3DZH,498
7xHP,498
KbYY,498
YzMY,498
ecEa,497
GiYE,497
qxbo,497
Fy6N,497
2GWA,497
Dgwu,497
gfhY,497
ruqD,497
YKXs,497
miZB,497
cBgH,497
eQCe,496
QjbW,496
qN86,496
tT9e,496
BEny,496
SsSD,496
mRUM,496
5SDd,496
qiGd,495
zDAR,495
KpV6,495
mMAP,495
94nv,494
Qfad,494
F99B,494
wMCu,494
rAJ6,494
HM16,494
K5mv,494
SFuf,494
mEad,494
5QF2,494
9PTB,493
ewzD,493
FYhN,493
znMM,493
w5Yd,493
5LiM,493
9rWR,492
QQBj,492
9BNj,491
QuYE,491
iQxH,491
7pFR,491
fNdi,491
HoAd,491
eXkH,490
eKDj,490
z1vj,490
3MFM,490
b9ke,490
rD2i,490
rs36,490
HuE2,490
K5ua,490
SC8h,490
9PcU,489
VNeG,489
tb7h,489
gFVu,489
jQzW,489
rzvE,489
rXMa,489
WCUd,489