u5Rd,550
otRY,548
2HNP,543
SBnh,538
QB3o,537
aG9h,537
9pro,525
eP9y,525
X4qo,525
eccv,524
ucYA,524
5jru,524
Qko5,523
QqiG,522
9LMY,521
aAEi,520
tT1F,520
jS4U,520
5pRa,520
QJYf,519
H4iN,519
GYPP,518
FgJu,518
mKDd,518
eYEP,517
QD6a,517
jnv2,517
jznH,516
H3EA,515
58gU,515
FA4B,514
ofVu,514
DsbD,514
WzfY,514
HLbs,513
Y9Fi,513
QBuG,512
Q48D,512
GkwU,512
wTtH,512
jAT6,512
ru55,511
e1MY,510
2P16,510
aePj,510
c3ff,510
9z1F,509
9doN,509
Ghms,509
qH2i,509
rJqo,509
WAuG,509
Wp8D,509
9nYY,508
YrYN,508
9JEY,507
zrJF,507
jmaM,507
ePgH,506
QYTB,505
zQVv,505
w7yi,505
BxXH,505
9KsE,504
Q9YM,503
9bsP,502
9EjR,502
uUth,502
jrce,501
9QRa,500
9dge,500
GTjA,500
uUrD,500
YKaY,500
mJ6j,500
a4iA,499
YJPN,499
WGxu,499
9acD,498
ewNM,498
jFWY,498
eYWA,497
74sR,497
9jNi,496
9vDG,496
7K4W,496
5ikU,496
Q3EM,494
Qb1W,494
SA76,494
rh9u,493
mpyE,493
9kNM,492
ez9o,492
mhRd,492
5ms5,492
92ze,491
eDK6,491
euFM,491
eSnB,491