qV1W,511
7br6,511
7Jbs,511
7Jda,511
9Sif,510
eVAN,510
eUrW,510
GxtH,510
q3HE,510
ac9e,510
7JYA,510
rzfA,510
msbu,510
qmt6,509
XjoN,509
uyrD,509
gZcv,509
SHcy,509
qszH,508
2KiG,508
WGea,508
Vp8h,507
XP86,507
rWVh,507
He2j,507
qdSu,506
VUfR,506
92tF,505
9wNA,505
qVbH,505
qkFR,505
b8Tu,505
fo7o,505
uYji,505
e9MG,504
eWcD,504
QWaj,504
qCD2,504
2ej2,504
Vh5P,504
o4hE,504
wbdG,504
aRYj,504
9wDP,503
9yZ6,503
GfGE,503
aL6j,503
jcia,503
KDE5,503
cgUi,503
9e7v,502
9Qy5,502
9q2G,502
9BDG,502
zuN2,502
wvkW,502
rg1u,502
SHhA,502
mtXB,502
mDjd,502
9Zja,501
e2hA,501
estF,501
tEGd,501
fSbs,501
XTgu,501
XyQv,501
jqfN,501
rhoa,501
HzBd,501
KgZu,501
SMVD,501
iq4U,500
eQfY,500
eR1o,500
QQL6,500
QSbH,500
Qvxy,500
FhXh,500
i1h2,500
KphR,500
mBWf,500
9qdf,499
9VZW,499
9XxH,499
9d3e,499
eP2d,499
qjQo,499
zBfj,499
b6JB,499
uuvG,499
uSBE,499
WVNG,499
euY5,498
e5Vh,498
DGfR,498
bxyR,498
Yi4e,498
5BxW,498
5EfR,498