Qqaa,614,
GBbW,614,
jG4v,614,
SZPY,614,
FPEP,613,
VXNY,613,
DUMi,613,
Bmu2,613,
QeLD,612,
G1GY,612,
o5i5,612,
tzxs,612,
3k2G,612,
cyhN,612,
9BuA,611,
FeyY,611,
F5ru,611,
zVCv,611,
ae22,611,
aKh2,611,
i1ed,611,
HAws,611,
m2pD,611,
mfty,611,
viKv,611,
eiTH,610,
bW7v,610,
5V1h,610,
56KH,610,
5dZo,610,
QKBj,609,
QWeY,609,
QcLe,609,
qrkB,609,
as3B,609,
t7MA,609,
b8Tu,609,
rXBi,609,
S7ia,609,
vtgh,609,
9gqo,608,
exvR,608,
Gnvj,608,
FMAj,608,
2L9v,608,
iaXW,608,
SFuf,608,
o4ei,607,
BzmU,607,
mMhM,607,
5GXD,607,
ekcs,606,
qkqv,606,
taYP,606,
Dnpv,606,
mN1v,606,
59Hj,606,
9wQD,605,
q2iE,605,
V1D5,605,
uZRG,605,
HAfR,605,
HLZh,605,
9nzU,604,
Qbsd,604,
QLei,604,
GsZs,604,
FKEG,604,
KrAM,604,
KkwF,604,
YnPY,604,
cNvN,604,
v9rs,604,
jpX6,603,
YJxH,603,
5NBa,603,
czGG,603,
q7y5,602,
zfUY,602,
VLFE,602,
o4hE,602,
t13y,602,
jxsj,602,
vQSv,602,
93MN,601,
zFRd,601,
o6Yd,601,
XnFR,601,
HfBM,601,
WXfG,601,
55a2,601,
92wo,600,
ey3e,600,
aoPE,600,
Xjme,600,
uXAG,600,
KAky,600,
Y8s5,600,
ST3F,600,
mgaG,600,
