tDVy,629,Fire
tyVy,629,FireFire
WCUd,629,FireFire
mYAi,629,FireFire
Q8sE,628,Fire
K6KB,628,
cFws,627,Fire
vPXU,627,
aH5j,626,Fire
KAPR,626,
q2jR,625,FireFire
7epy,625,
fS8D,625,Fire
YX8W,625,FireFire
q7Ea,624,FireFire
quYR,624,
t1ia,624,Fire
bHGR,623,Fire
mVed,623,
cTQU,623,FireFire
QaJo,622,Fire
VuAR,622,
KLFj,621,Fire
cePd,621,Fire
9X7F,620,Fire
YUGd,620,Fire
S2fd,619,Fire
5ybW,619,FireFire
vgBi,619,FireFire
9zGG,618,Fire
gfcD,618,FireFire
HRBa,618,FireFire
5q62,618,
cHph,618,Fire
XQXo,617,FireFire
cwAG,617,Fire
vPVu,616,FireFire
tBbu,615,
er9B,614,FireFire
tJVe,614,
YpwW,614,Fire
QYXF,613,FireFire
oVHR,613,
u7XB,613,FireFire
Sx5N,613,Fire
WDuY,613,FireFire
qKxs,612,FireFire
mH9u,612,Fire
jDgs,611,FireFire
7sJe,610,FireFire
wQHE,609,FireFire
SzFP,609,FireFire
9Vco,608,
9ZAf,608,FireFire
5Lff,608,FireFire
gaf5,607,FireFire
71AA,606,FireFire
c5PR,606,Fire
Dnh5,605,
eZqB,604,FireFire
YowH,604,FireFire
KcCB,603,Fire
ehad,602,FireFire
Bk1h,602,Fire
fuqF,602,Fire
QaQH,601,FireFire
QuGR,601,
mhWf,600,
5Xnv,600,FireFire
GYny,599,Fire
ftrB,599,Fire
rMYP,599,FireFire
c9uR,599,FireFire
9Y22,598,FireFire
aZCe,598,Fire
QwCo,597,FireFire
zwoR,597,FireFire
bTJD,597,Fire
71mF,597,Fire
cX6P,597,FireFire
c6aj,597,FireFire
c6Ei,597,Fire
FhLy,596,Fire
2tt6,596,Fire
WMCU,595,
cdyY,595,FireFire
qmko,594,
w2bU,594,FireFire
7WGj,594,
fnzy,594,Fire
X7oE,594,FireFire
c45M,594,FireFire
qQre,592,Fire
FSaf,592,Fire
zHoY,592,Fire
zJda,592,Fire
DsCu,592,Fire
rRQ6,592,Fire
SLNM,592,Fire
vP25,592,Fire